simulation_name,branch_correct,branch_miss,branch_miss_2,icache_tags,icache_demands,icache_reads,icache_hits,rename_squashed,decode_squashed,pred_taken_wrong
blender_r_p1,4028,3876,3976,162247,81109,81109,81060,43995,4042,2152
blender_r_p10,7087,6864,6410,205327,102619,102619,102500,66835,6623,4409
blender_r_p11,8827,8579,8279,202901,101392,101392,101250,84127,8457,5598
blender_r_p12,12940,11967,12209,319266,159509,159509,159214,144545,12331,8596
blender_r_p13,20040,17335,19329,594871,297208,297208,296679,260004,19347,14738
blender_r_p14,20025,17298,19113,597889,298541,298541,297644,246513,19132,13414
blender_r_p15,20715,18353,19819,608288,303978,303978,303593,252262,19830,13606
blender_r_p16,19627,17452,18628,590711,295042,295042,294265,233136,18645,12419
blender_r_p17,21002,18389,19832,606745,303152,303152,302600,263989,19848,13949
blender_r_p18,21025,18218,20170,615301,307418,307418,306865,264651,20182,14540
blender_r_p19,11254,10100,9495,389107,193112,193112,189958,106611,9621,4966
blender_r_p2,242,205,210,307646,153811,153811,153766,2741,229,25
blender_r_p20,7345,6820,5541,304021,150476,150476,147281,55066,5690,2417
blender_r_p21,12717,11940,11295,270814,134227,134227,131759,175651,11445,6744
blender_r_p22,11119,10644,10918,255603,127158,127158,125748,170124,11099,7205
blender_r_p23,19552,16839,18934,434595,217280,217280,217239,274505,18937,16096
blender_r_p24,18549,15943,17932,422575,211276,211276,211252,262432,17935,16020
blender_r_p25,17892,15732,17309,429589,214784,214784,214762,247240,17313,12900
blender_r_p3,14,14,14,307767,153882,153882,153867,28,14,0
blender_r_p4,7796,6592,7264,379850,189086,189086,186988,71174,7452,2818
blender_r_p5,32,29,26,265922,132957,132957,132949,309,26,0
blender_r_p6,33,27,27,266844,133418,133418,133410,272,27,0
blender_r_p7,30,26,25,266837,133415,133415,133407,250,25,0
blender_r_p8,32,30,28,228358,114175,114175,114166,278,28,4
blender_r_p9,6248,5977,5706,221289,110430,110430,109925,61677,5823,3447
cactuBSSN_r_p1,4303,4068,4232,164585,82268,82268,82181,46708,4299,2205
cactuBSSN_r_p10,9558,8472,8577,340326,166428,166428,158665,94066,8676,3735
cactuBSSN_r_p11,11304,10036,10197,360745,176058,176058,167048,112297,10300,4362
cactuBSSN_r_p12,11376,10155,10306,357789,174808,174808,166170,113754,10410,4406
cactuBSSN_r_p13,12388,11015,11290,386650,189724,189724,182058,125419,11402,4530
cactuBSSN_r_p14,12378,10966,10732,380727,187226,187226,180296,120138,10906,4189
cactuBSSN_r_p15,14229,13159,13117,457824,228111,228111,226317,141369,13178,5417
cactuBSSN_r_p16,13521,12683,12811,454645,226799,226799,225706,139680,12850,5504
cactuBSSN_r_p17,13722,12802,12963,457299,228025,228025,226723,140545,13014,5511
cactuBSSN_r_p18,14978,13956,14162,469575,234096,234096,232664,154396,14215,5944
cactuBSSN_r_p19,14076,13147,13328,461521,230171,230171,228928,145158,13372,5658
cactuBSSN_r_p2,15966,13932,13999,407578,201268,201268,195407,150280,14301,5640
cactuBSSN_r_p20,14561,13573,13801,465381,232003,232003,230572,149039,13851,5803
cactuBSSN_r_p21,14311,13367,13514,460856,229640,229640,227990,144893,13566,5674
cactuBSSN_r_p22,14437,13500,13697,461098,229959,229959,228731,149840,13747,5785
cactuBSSN_r_p23,14477,13529,13727,462052,230409,230409,229121,150480,13777,5811
cactuBSSN_r_p24,14813,13841,14046,465452,232072,232072,230713,153350,14092,5941
cactuBSSN_r_p25,12441,11692,11754,438694,218802,218802,217673,127556,11795,4912
cactuBSSN_r_p3,12026,10709,10885,354553,173646,173646,165995,122972,10997,4745
cactuBSSN_r_p4,12141,10830,10954,368737,179558,179558,169437,116575,11065,4756
cactuBSSN_r_p5,12829,11371,11616,365452,178386,178386,169161,125825,11726,4892
cactuBSSN_r_p6,12392,11019,11255,362789,177890,177890,170401,124921,11392,4396
cactuBSSN_r_p7,11292,10060,10233,357523,175019,175019,167141,113284,10344,4231
cactuBSSN_r_p8,11965,10771,10925,344187,167685,167685,158362,120990,11033,4845
cactuBSSN_r_p9,12018,10670,10863,364062,177540,177540,168131,118479,10959,4553
cam4_r_p1,11554,10835,10358,275768,136097,136097,132030,132915,10454,4350
cam4_r_p10,7307,6691,6545,367001,177461,177461,164913,57453,6596,2282
cam4_r_p11,7408,6775,6608,369290,178643,178643,166281,59095,6661,2260
cam4_r_p12,8106,7289,6531,417223,205309,205309,198202,60926,6668,2142
cam4_r_p13,9354,8349,6644,396279,190516,190516,174256,60047,6966,1877
cam4_r_p14,8676,7889,6340,387983,180508,180508,152735,54184,6500,1630
cam4_r_p15,4631,4009,3846,72260,34508,34508,30909,23489,4262,1715
cam4_r_p16,1538,1435,1538,6318,3157,3157,3140,3288,1927,1491
cam4_r_p17,1535,1434,1535,6281,3139,3139,3124,3216,1922,1489
cam4_r_p18,1538,1434,1538,6314,3155,3155,3136,3318,1926,1493
cam4_r_p19,1535,1434,1535,6281,3139,3139,3123,3223,1922,1489
cam4_r_p2,8706,8641,8500,259384,129637,129637,129526,131516,8500,4537
cam4_r_p20,1539,1440,1539,66693,33340,33340,33310,5257,1926,1485
cam4_r_p21,1536,1434,1536,6340,3168,3168,3145,3205,1923,1492
cam4_r_p22,1540,1436,1540,6420,3206,3206,3174,3231,1934,1491
cam4_r_p23,1533,1432,1533,6282,3139,3139,3113,3065,1919,1489
cam4_r_p24,1559,1462,1559,2713,1352,1352,1317,3563,1949,1509
cam4_r_p25,1559,1471,1559,532,264,264,238,3658,1946,1514
cam4_r_p3,12425,11127,8778,317628,152975,152975,140194,80724,9131,2726
cam4_r_p4,7752,6977,6030,385181,188573,188573,179827,56468,6324,2693
cam4_r_p5,6861,6025,5411,308308,151867,151867,146606,50216,5560,1890
cam4_r_p6,7319,6529,6290,350375,170453,170453,160418,55169,6393,1922
cam4_r_p7,8446,7720,7499,375658,180987,180987,166708,63224,7577,2402
cam4_r_p8,8608,7778,7457,372865,180202,180202,167082,64425,7543,2430
cam4_r_p9,7345,6674,6426,365475,176625,176625,163918,55807,6497,2240
deepsjeng_r_p1,721,681,672,43048,21477,21477,21345,7599,2696,226
deepsjeng_r_p10,13,13,13,8,4,4,4,29,2245,0
deepsjeng_r_p11,13,13,13,8,4,4,4,59,2245,0
deepsjeng_r_p12,13,13,13,8,4,4,4,59,2245,0
deepsjeng_r_p13,13,13,13,8,4,4,4,59,2245,0
deepsjeng_r_p14,16,13,16,8,4,4,4,125,2249,0
deepsjeng_r_p15,13,13,13,8,4,4,4,59,2245,0
deepsjeng_r_p16,13,13,13,8,4,4,4,59,2245,0
deepsjeng_r_p17,13,13,13,8,4,4,4,29,2245,0
deepsjeng_r_p18,13,13,13,8,4,4,4,59,2245,0
deepsjeng_r_p19,13,13,13,8,4,4,4,59,2245,0
deepsjeng_r_p2,13,13,13,8,4,4,4,59,2245,0
deepsjeng_r_p20,13,13,13,8,4,4,4,59,2245,0
deepsjeng_r_p21,16,13,16,8,4,4,4,125,2249,0
deepsjeng_r_p22,13,13,13,8,4,4,4,59,2245,0
deepsjeng_r_p23,13,13,13,8,4,4,4,59,2245,0
deepsjeng_r_p24,13,13,13,8,4,4,4,29,2245,0
deepsjeng_r_p25,13,13,13,8,4,4,4,59,2245,0
deepsjeng_r_p3,13,13,13,8,4,4,4,29,2245,0
deepsjeng_r_p4,13,13,13,8,4,4,4,59,2245,0
deepsjeng_r_p5,13,13,13,8,4,4,4,59,2245,0
deepsjeng_r_p6,13,13,13,8,4,4,4,59,2245,0
deepsjeng_r_p7,16,13,16,8,4,4,4,125,2249,0
deepsjeng_r_p8,13,13,13,8,4,4,4,59,2245,0
deepsjeng_r_p9,13,13,13,8,4,4,4,59,2245,0
exchange2_r_p1,6648,6150,6261,387241,193280,193280,192385,69070,6415,3141
exchange2_r_p10,7509,6971,7029,388698,193695,193695,192122,74712,7262,3570
exchange2_r_p11,7222,6707,6768,389756,194547,194547,193736,78438,6934,3329
exchange2_r_p12,8907,8364,8142,376648,187448,187448,185358,94525,8513,4097
exchange2_r_p13,9326,8623,8739,387560,192979,192979,191054,99310,9132,4203
exchange2_r_p14,6301,5830,5936,394450,196903,196903,196110,64517,6103,3161
exchange2_r_p15,9023,8432,8311,384610,191642,191642,190079,100366,8671,4040
exchange2_r_p16,7178,6612,6707,387536,193407,193407,192515,74756,6860,3460
exchange2_r_p17,9729,9030,9236,387808,193165,193165,191387,106697,9638,4558
exchange2_r_p18,5152,4801,4837,389411,194559,194559,194218,53592,4881,2697
exchange2_r_p19,9238,8618,8463,380669,189494,189494,187477,96811,8815,4211
exchange2_r_p2,5459,5060,5118,394274,196957,196957,196516,55325,5181,2840
exchange2_r_p20,6994,6457,6537,387103,193231,193231,192423,72916,6695,3436
exchange2_r_p21,9986,9359,9793,404149,201788,201788,201080,118517,10027,5093
exchange2_r_p22,13178,12502,12692,376307,187536,187536,186042,164720,13126,6256
exchange2_r_p23,4833,4448,4581,379069,189426,189426,189176,48342,4610,2399
exchange2_r_p24,7829,7532,7668,312780,156148,156148,155534,99074,7920,3213
exchange2_r_p25,10196,9886,9995,340700,170043,170043,169361,133876,10245,4425
exchange2_r_p3,9478,8931,8764,379214,188851,188851,186993,103855,9126,4414
exchange2_r_p4,7389,6783,6897,386337,192795,192795,191858,77042,7061,3507
exchange2_r_p5,8756,8098,8150,384878,191670,191670,189802,90848,8507,3985
exchange2_r_p6,6178,5756,5815,388169,193771,193771,193005,65046,5936,2963
exchange2_r_p7,5867,5425,5474,389548,194607,194607,194190,60115,5550,2912
exchange2_r_p8,9953,9360,9206,385705,192021,192021,190029,109457,9595,4723
exchange2_r_p9,6968,6428,6504,387030,193193,193193,192365,71845,6663,3380
fotonik3d_r_p1,7965,7460,5909,369876,173104,173104,148505,41688,5932,1729
fotonik3d_r_p10,7401,6854,5609,365849,171736,171736,148480,40381,5630,1542
fotonik3d_r_p11,7612,7006,5780,366606,171936,171936,148321,41107,5798,1528
fotonik3d_r_p12,7527,7065,5817,366029,171594,171594,147854,38994,5833,1482
fotonik3d_r_p13,7450,7050,5728,366389,171738,171738,147910,39311,5746,1559
fotonik3d_r_p14,7344,6960,5621,365810,171478,171478,147720,38812,5637,1517
fotonik3d_r_p15,7283,6903,5565,365560,171387,171387,147672,37843,5584,1519
fotonik3d_r_p16,7330,6870,5653,365042,171322,171322,148017,39373,5669,1524
fotonik3d_r_p17,7281,6823,5615,364535,171067,171067,147786,39059,5634,1496
fotonik3d_r_p18,7171,6718,5547,363393,170506,170506,147269,39192,5564,1498
fotonik3d_r_p19,7239,6775,5603,363819,170681,170681,147340,39053,5620,1566
fotonik3d_r_p2,7747,7303,5794,369244,173029,173029,148932,42115,5815,1699
fotonik3d_r_p20,7248,6791,5616,364402,170864,170864,147309,39158,5635,1560
fotonik3d_r_p21,7336,6877,5678,364783,171012,171012,147276,39055,5698,1580
fotonik3d_r_p22,7393,6923,5775,365143,171286,171286,147773,40160,5794,1685
fotonik3d_r_p23,7411,6943,5823,365655,171352,171352,147467,40748,5840,1648
fotonik3d_r_p24,7303,6823,5706,364622,171048,171048,147623,40510,5723,1649
fotonik3d_r_p25,7322,6850,5706,365195,171219,171219,147574,40514,5731,1636
fotonik3d_r_p3,7491,7083,5605,367380,172308,172308,148689,40951,5627,1704
fotonik3d_r_p4,7416,6989,5558,366832,172151,172151,148805,40193,5579,1640
fotonik3d_r_p5,7379,6971,5550,366253,171965,171965,148784,40014,5569,1648
fotonik3d_r_p6,7474,6937,5655,366257,171932,171932,148662,39821,5677,1648
fotonik3d_r_p7,7574,6983,5704,366398,171967,171967,148609,40284,5726,1610
fotonik3d_r_p8,7367,6905,5534,365283,171511,171511,148327,39480,5555,1592
fotonik3d_r_p9,7434,6977,5611,366920,172248,172248,148920,40497,5634,1615
gcc_r_p1,12257,11207,11390,273657,135616,135616,132659,162629,11524,6397
gcc_r_p10,12954,11645,9795,365391,170843,170843,145772,72176,9947,2734
gcc_r_p11,16549,14753,12067,411548,189629,189629,155637,74425,12198,3111
gcc_r_p12,17341,15444,13161,421909,195124,195124,161837,85962,13272,3671
gcc_r_p13,14956,13492,11021,400910,184633,184633,151598,68645,11122,2977
gcc_r_p14,15468,13672,11074,411773,187813,187813,149928,63853,11236,2965
gcc_r_p15,15844,14131,11530,396251,181033,181033,145128,75349,11656,2945
gcc_r_p16,18382,16296,13820,419027,192722,192722,157032,90028,13956,3417
gcc_r_p17,16487,14757,12458,421065,194597,194597,161118,80672,12568,3480
gcc_r_p18,17254,15378,12909,420788,193847,193847,158999,82778,13047,3409
gcc_r_p19,16051,14359,11649,408927,187799,187799,152863,69890,11749,3192
gcc_r_p2,7291,6528,5909,361140,178893,178893,175148,54975,6059,2503
gcc_r_p20,17842,16007,13093,424157,192935,192935,152733,73874,13213,3259
gcc_r_p21,15302,13862,11237,408170,186885,186885,150981,64381,11341,3140
gcc_r_p22,16814,15185,12859,434025,200526,200526,166181,86503,12961,3844
gcc_r_p23,13081,11715,9287,390656,180208,180208,148601,54960,9385,2053
gcc_r_p24,11884,10609,8372,384559,177202,177202,145873,51140,8468,1991
gcc_r_p25,15947,14290,11653,412841,188719,188719,151805,66334,11767,3100
gcc_r_p3,5503,5119,4904,374699,185042,185042,180128,39456,5003,2314
gcc_r_p4,8395,7679,7614,397586,195490,195490,188479,75814,7711,2918
gcc_r_p5,8069,7314,6944,493911,244558,244558,239379,52171,7078,3304
gcc_r_p6,3717,3311,2624,330745,164564,164564,162861,32332,2631,283
gcc_r_p7,7049,6638,6770,319075,159386,159386,158986,83580,6798,3377
gcc_r_p8,9606,8801,8844,341438,165573,165573,154748,85231,9040,3385
gcc_r_p9,8417,7920,8039,327509,162672,162672,160327,100790,8177,2904
imagick_r_p1,9484,7926,7659,332806,163948,163948,158298,80570,7899,2742
imagick_r_p10,228,203,194,283439,141703,141703,141659,2076,214,75
imagick_r_p11,231,199,196,285775,142871,142871,142825,1986,215,79
imagick_r_p12,242,213,206,290934,145451,145451,145406,2459,227,83
imagick_r_p13,880,699,623,309306,154473,154473,154033,5968,671,158
imagick_r_p14,3695,3072,2950,217597,107945,107945,105979,26038,3189,997
imagick_r_p15,93,90,90,243915,121954,121954,121946,326,168,2
imagick_r_p16,95,93,92,243969,121981,121981,121973,372,170,2
imagick_r_p17,93,91,90,243915,121954,121954,121946,369,168,2
imagick_r_p18,303,282,256,242058,120977,120977,120856,841,364,5
imagick_r_p19,313,293,272,241238,120603,120603,120565,1039,387,3
imagick_r_p2,1299,1078,1020,314234,156867,156867,156269,10461,1198,210
imagick_r_p20,324,296,272,254775,127356,127356,127280,1132,383,5
imagick_r_p21,97,94,92,324394,162194,162194,162186,239,170,2
imagick_r_p22,97,94,92,324392,162193,162193,162185,233,170,2
imagick_r_p23,96,93,91,324392,162193,162193,162185,314,169,2
imagick_r_p24,793,637,523,276908,138225,138225,137671,4062,591,73
imagick_r_p25,204,180,172,216520,108248,108248,108213,2163,175,49
imagick_r_p3,331,278,276,293176,146552,146552,146454,2798,300,94
imagick_r_p4,223,195,189,282691,141331,141331,141291,2114,209,77
imagick_r_p5,217,194,183,282455,141211,141211,141166,1916,203,70
imagick_r_p6,222,193,187,285394,142681,142681,142637,1968,207,74
imagick_r_p7,232,203,196,283837,141902,141902,141857,2238,216,76
imagick_r_p8,225,203,191,282842,141405,141405,141362,1969,211,77
imagick_r_p9,231,204,196,282906,141436,141436,141389,2112,216,70
lbm_r_p1,13,13,13,330416,165207,165207,165203,93,2803,0
lbm_r_p10,15,13,14,330424,165211,165211,165207,84,2804,0
lbm_r_p11,15,13,14,330454,165226,165226,165222,84,2805,0
lbm_r_p12,13,13,13,330418,165208,165208,165204,93,2803,0
lbm_r_p13,13,13,13,330414,165206,165206,165203,94,2803,0
lbm_r_p14,13,13,13,330416,165207,165207,165203,85,2803,0
lbm_r_p15,15,13,14,330428,165213,165213,165209,84,2804,0
lbm_r_p16,15,13,14,330448,165223,165223,165219,67,2805,0
lbm_r_p17,13,13,13,330414,165206,165206,165202,85,2803,0
lbm_r_p18,30,27,26,330525,165260,165260,165252,295,2815,1
lbm_r_p19,15,13,14,330416,165207,165207,165203,76,2804,0
lbm_r_p2,13,13,13,330412,165205,165205,165201,76,2803,0
lbm_r_p20,15,13,14,330428,165213,165213,165209,84,2804,0
lbm_r_p21,15,13,14,330456,165227,165227,165223,76,2805,0
lbm_r_p22,13,13,13,330418,165208,165208,165204,85,2803,0
lbm_r_p23,13,13,13,330414,165206,165206,165202,85,2803,0
lbm_r_p24,13,13,13,330416,165207,165207,165203,93,2803,0
lbm_r_p25,15,13,14,330424,165211,165211,165208,93,2804,0
lbm_r_p3,15,13,14,330420,165209,165209,165205,85,2804,0
lbm_r_p4,15,13,14,330426,165212,165212,165208,84,2804,0
lbm_r_p5,15,13,14,330448,165223,165223,165219,92,2805,0
lbm_r_p6,13,13,13,330414,165206,165206,165203,94,2803,0
lbm_r_p7,13,13,13,330412,165205,165205,165201,85,2803,0
lbm_r_p8,13,13,13,330418,165208,165208,165204,93,2803,0
lbm_r_p9,15,13,14,330414,165206,165206,165202,84,2804,0
leela_r_p1,4585,4321,4495,168318,84134,84134,84052,50380,4562,2305
leela_r_p10,5890,5766,5879,240887,120441,120441,120426,79935,5898,2650
leela_r_p11,7431,7250,7420,248666,124331,124331,124317,104002,7440,3411
leela_r_p12,7123,6965,7112,248683,124339,124339,124327,100326,7132,3225
leela_r_p13,6710,6538,6700,244003,122000,122000,121986,92700,6720,2980
leela_r_p14,5126,5025,5116,234617,117307,117307,117295,66967,5136,2221
leela_r_p15,4603,4509,4595,230679,115338,115338,115323,60131,4615,1931
leela_r_p16,4610,4520,4602,227345,113671,113671,113658,61076,4622,1917
leela_r_p17,5038,4937,5029,230855,115425,115425,115413,66998,5049,2179
leela_r_p18,5522,5356,5512,238557,119277,119277,119263,72728,5532,2469
leela_r_p19,4365,4256,4355,220803,110400,110400,110391,60888,4375,1883
leela_r_p2,11219,10054,10864,304677,151708,151708,150141,115000,11546,4971
leela_r_p20,6088,5940,6077,231915,115955,115955,115940,86306,6097,2768
leela_r_p21,4631,4561,4620,218517,109256,109256,109243,66279,4640,2072
leela_r_p22,4769,4694,4758,223400,111698,111698,111683,70822,4778,2224
leela_r_p23,5496,5388,5486,229867,114932,114932,114918,79582,5506,2592
leela_r_p24,6130,6039,6119,229363,114679,114679,114664,90086,6138,2975
leela_r_p25,4592,4522,4581,215385,107690,107690,107677,66244,4601,2119
leela_r_p3,7256,7030,7209,265853,132903,132903,132838,96362,7236,3173
leela_r_p4,4675,4535,4664,233178,116587,116587,116571,61911,4684,2186
leela_r_p5,6159,5999,6148,244946,122471,122471,122455,83760,6168,2949
leela_r_p6,4797,4691,4786,232376,116186,116186,116171,65428,4806,2203
leela_r_p7,5211,5070,5201,231349,115673,115673,115659,72066,5221,2332
leela_r_p8,4927,4813,4916,231053,115524,115524,115507,71099,4935,2282
leela_r_p9,5460,5343,5449,234863,117429,117429,117412,74499,5469,2462
mcf_r_p1,2961,2918,1717,322934,161441,161441,161380,23732,1797,24
mcf_r_p10,2970,2926,1727,323005,161480,161480,161426,24082,1807,30
mcf_r_p11,2920,2881,1677,322609,161287,161287,161242,23460,1754,21
mcf_r_p12,2972,2925,1728,322905,161428,161428,161367,23997,1804,31
mcf_r_p13,3012,2959,1767,323457,161704,161704,161644,24249,1849,66
mcf_r_p14,3639,3482,2415,330437,165200,165200,165151,29106,2490,639
mcf_r_p15,2982,2921,1785,321150,160553,160553,160498,18876,1863,104
mcf_r_p16,2858,2814,1680,319249,159602,159602,159546,17474,1752,53
mcf_r_p17,2807,2773,1636,318869,159417,159417,159369,17090,1708,44
mcf_r_p18,2865,2819,1687,319437,159695,159695,159636,17636,1766,56
mcf_r_p19,2851,2806,1675,319093,159524,159524,159466,17405,1746,51
mcf_r_p2,2908,2879,1671,322449,161207,161207,161163,23434,1746,18
mcf_r_p20,2810,2776,1635,318890,159428,159428,159383,17204,1708,47
mcf_r_p21,2858,2812,1682,319281,159618,159618,159559,17684,1759,55
mcf_r_p22,3089,3010,1950,322680,161311,161311,161239,21399,2016,246
mcf_r_p23,3319,3148,2343,331209,165584,165584,165534,25511,2360,686
mcf_r_p24,3050,2920,2082,327540,163743,163743,163675,23385,2107,558
mcf_r_p25,3154,3018,2176,328992,164469,164469,164403,24268,2196,607
mcf_r_p3,2963,2916,1716,322968,161462,161462,161405,23781,1795,27
mcf_r_p4,2917,2881,1676,322519,161242,161242,161196,23330,1752,17
mcf_r_p5,2967,2919,1724,322991,161472,161472,161412,23809,1803,28
mcf_r_p6,2907,2877,1670,322456,161211,161211,161167,23313,1746,18
mcf_r_p7,2982,2935,1733,323002,161478,161478,161421,24099,1809,31
mcf_r_p8,2967,2916,1722,323044,161499,161499,161442,23735,1803,25
mcf_r_p9,2908,2878,1670,322438,161202,161202,161158,23343,1745,18
nab_r_p1,9825,8844,7932,366503,176995,176995,163852,77882,7970,1850
nab_r_p10,10242,8987,8180,364143,175543,175543,161694,79832,8216,1722
nab_r_p11,10693,9455,8626,369281,178004,178004,163853,82472,8660,1911
nab_r_p12,10687,9427,8606,369683,178180,178180,164026,84384,8641,2015
nab_r_p13,10304,9029,8230,365748,176270,176270,162251,80650,8264,1787
nab_r_p14,10363,9096,8276,364841,175868,175868,161915,81681,8309,1844
nab_r_p15,10328,9077,8269,365350,176057,176057,162005,77916,8302,1744
nab_r_p16,10320,9088,8283,365126,176047,176047,162220,78743,8315,1719
nab_r_p17,11035,9791,8958,371153,178935,178935,164776,86132,8993,2048
nab_r_p18,10323,9081,8287,367176,176942,176942,162829,81404,8323,1881
nab_r_p19,10259,8930,8149,365926,176755,176755,163526,80092,8264,1788
nab_r_p2,9846,8815,7935,365696,176543,176543,163272,78027,7968,1843
nab_r_p20,2391,2304,2287,304118,151450,151450,150181,24349,2305,1066
nab_r_p21,3108,3038,3026,318321,158335,158335,156660,32203,3038,1631
nab_r_p22,3136,3067,3052,318235,158263,158263,156517,32002,3063,1666
nab_r_p23,3019,2953,2936,315272,156737,156737,154902,28412,2949,1574
nab_r_p24,3039,2969,2957,316217,157230,157230,155432,28405,2971,1522
nab_r_p25,3057,2997,2975,315994,157084,157084,155212,28611,2986,1571
nab_r_p3,9901,8941,8016,366655,177048,177048,163899,78274,8051,1822
nab_r_p4,10013,8884,8011,365044,176212,176212,162856,79868,8046,1759
nab_r_p5,9841,8894,7976,366112,176816,176816,163760,77430,8009,1793
nab_r_p6,9792,8854,7944,365681,176655,176655,163734,78840,7978,1853
nab_r_p7,9691,8693,7814,364121,175857,175857,162839,76637,7844,1795
nab_r_p8,10502,9262,8442,368734,177820,177820,163892,82100,8479,1857
nab_r_p9,10216,8995,8188,365165,175996,175996,162007,79849,8217,1801
namd_r_p1,3816,3664,3762,159664,79816,79816,79772,41507,3824,2086
namd_r_p10,4109,3979,4019,340416,168676,168676,165576,45855,4036,2059
namd_r_p11,5116,4980,5023,351315,174151,174151,171106,57188,5039,2462
namd_r_p12,5120,4977,5029,351532,174259,174259,171204,57131,5045,2449
namd_r_p13,4705,4608,4618,338654,167849,167849,164846,54219,4642,1957
namd_r_p14,4132,4040,4046,339479,168236,168236,165193,45860,4061,1871
namd_r_p15,4413,4316,4320,339494,168228,168228,165153,50140,4344,1926
namd_r_p16,4406,4324,4319,338363,167693,167693,164683,50500,4339,1895
namd_r_p17,3749,3656,3660,333630,165328,165328,162315,41809,3681,1673
namd_r_p18,3944,3819,3850,337475,167227,167227,164172,43901,3880,1782
namd_r_p19,3051,2927,2964,330530,163719,163719,160593,33142,2982,1419
namd_r_p2,10235,9068,9575,380354,188081,188081,183425,93924,9860,3893
namd_r_p20,3866,3725,3785,340898,168904,168904,165789,42867,3800,1880
namd_r_p21,3506,3303,3342,344336,171459,171459,169971,39360,3369,1540
namd_r_p22,1909,1853,1852,336426,168190,168190,168129,24414,1862,973
namd_r_p23,1911,1851,1847,335502,167721,167721,167642,24503,1858,926
namd_r_p24,1799,1746,1744,334389,167173,167173,167114,23117,1755,907
namd_r_p25,2005,1940,1941,336776,168356,168356,168277,25449,1953,981
namd_r_p3,4032,3918,3943,341185,169068,169068,165985,44925,3967,1814
namd_r_p4,4079,3938,3992,341386,169183,169183,166120,45520,4011,1938
namd_r_p5,3926,3811,3845,339790,168410,168410,165411,44508,3861,1917
namd_r_p6,3701,3579,3613,335254,166118,166118,163063,41249,3633,1763
namd_r_p7,4855,4678,4764,348045,172509,172509,169441,53154,4789,2350
namd_r_p8,4620,4475,4530,347485,172201,172201,169083,52209,4550,2221
namd_r_p9,3862,3735,3778,340584,168761,168761,165662,42425,3792,1703
omnetpp_r_p1,4285,4046,4197,164231,82095,82095,82015,46803,4262,2184
omnetpp_r_p10,11998,10831,9914,355136,171548,171548,158972,98967,9993,3400
omnetpp_r_p11,10465,9411,8356,339090,164107,164107,152774,85879,8427,2883
omnetpp_r_p12,10534,9498,8622,349100,169113,169113,157890,85709,8700,2921
omnetpp_r_p13,15298,13135,13073,409433,199845,199845,189708,137926,13157,4791
omnetpp_r_p14,17344,14765,14966,454154,222986,222986,214219,160137,15111,6096
omnetpp_r_p15,16194,14127,13196,397917,191532,191532,175663,120361,13362,4077
omnetpp_r_p16,17545,15716,15022,491314,239443,239443,225945,136981,15234,4640
omnetpp_r_p17,9637,8307,7888,344263,166500,166500,154455,65906,8032,1756
omnetpp_r_p18,12101,10628,9653,419562,197243,197243,171301,72542,9726,1894
omnetpp_r_p19,11082,9982,8992,431410,203806,203806,179255,72122,9034,2011
omnetpp_r_p2,16033,14288,13985,422190,208779,208779,203114,144735,14218,5977
omnetpp_r_p20,11520,10390,9369,435266,204872,204872,178467,71206,9422,1914
omnetpp_r_p21,12889,11467,10591,430120,203354,203354,178965,85044,10680,2307
omnetpp_r_p22,13109,11630,10892,430832,204080,204080,180515,88059,10984,2557
omnetpp_r_p23,15126,13156,12849,408404,193399,193399,170732,101158,12928,3173
omnetpp_r_p24,13070,11103,11003,328402,156786,156786,141046,90074,11108,2541
omnetpp_r_p25,18168,16090,16311,493812,234140,234140,207673,127903,16371,3888
omnetpp_r_p3,16367,15315,14099,501978,246256,246256,236095,143396,14194,5205
omnetpp_r_p4,20036,18078,16980,485944,236661,236661,222636,168278,17279,5498
omnetpp_r_p5,15504,13583,12804,392838,189754,189754,175384,120976,12992,3997
omnetpp_r_p6,13160,11660,10823,363728,176666,176666,165520,106027,10975,3471
omnetpp_r_p7,16827,14660,14278,419192,204561,204561,193768,147434,14421,4676
omnetpp_r_p8,10827,9522,8746,332137,162586,162586,155069,91432,8858,2954
omnetpp_r_p9,14524,12528,12026,393459,192184,192184,182459,124111,12158,3624
perlbench_r_p1,34453,29575,27563,553446,256151,256151,211425,202147,28068,7047
perlbench_r_p10,29456,25745,23792,511584,234713,234713,189642,176708,24134,6046
perlbench_r_p11,28298,24728,23672,519076,242002,242002,204492,184701,24032,6855
perlbench_r_p12,27914,24501,23206,517964,241498,241498,204060,181468,23565,6582
perlbench_r_p13,29799,25934,24561,530297,247914,247914,210875,196474,24906,6719
perlbench_r_p14,28818,25216,24030,524226,244422,244422,206584,191284,24362,6718
perlbench_r_p15,32617,28225,26429,550345,255730,255730,213939,202321,26895,6944
perlbench_r_p16,33388,28749,26907,554538,257215,257215,213978,204352,27562,7155
perlbench_r_p17,18284,15879,14889,445640,211689,211689,187961,124152,15249,3906
perlbench_r_p18,16969,14751,13314,445519,206457,206457,172204,96002,13649,3465
perlbench_r_p19,26198,22525,21430,509708,241719,241719,213227,173943,21950,5677
perlbench_r_p2,15250,13208,11565,433602,202062,202062,170984,85535,11768,2532
perlbench_r_p20,29750,25787,23711,524668,241232,241232,195996,163841,24169,6003
perlbench_r_p21,23710,20714,19280,493627,232746,232746,202323,148344,19599,5067
perlbench_r_p22,12918,11243,10616,423622,205213,205213,190818,85102,10822,2792
perlbench_r_p23,29765,26021,24180,498415,230430,230430,190081,186762,24500,6884
perlbench_r_p24,30224,25934,24676,532122,250925,250925,217988,201790,25322,6994
perlbench_r_p25,20987,17950,16401,433651,201446,201446,168342,116866,17068,3734
perlbench_r_p3,8748,7913,6139,400570,188077,188077,162533,44154,6220,1517
perlbench_r_p4,9585,8631,6882,400898,187815,187815,161402,50423,6985,1704
perlbench_r_p5,25407,22260,21150,455695,211517,211517,176629,171643,21458,6455
perlbench_r_p6,25915,22788,21801,462012,216323,216323,184895,187886,22143,6937
perlbench_r_p7,22503,19426,18831,439832,208551,208551,184073,159754,19203,5095
perlbench_r_p8,28027,24148,22419,512683,237115,237115,195748,162331,22914,5663
perlbench_r_p9,34357,29593,27257,550777,254057,254057,207937,195159,27757,6788
povray_r_p1,3999,3859,3945,162482,81228,81228,81183,44345,4010,2112
povray_r_p10,10582,9742,9311,429402,211343,211343,204199,100339,9391,4158
povray_r_p11,8034,7576,7380,414444,205693,205693,202462,86110,7428,3845
povray_r_p12,9073,8299,8166,419877,208545,208545,205548,91685,8217,3833
povray_r_p13,8724,8103,7765,415550,206026,206026,202302,90943,7808,3799
povray_r_p14,9322,8653,8390,421807,210030,210030,208132,99162,8431,4462
povray_r_p15,9159,8524,8406,422725,208317,208317,201921,96567,8453,4310
povray_r_p16,9431,8824,7208,401690,193252,193252,176901,63205,7290,2287
povray_r_p17,9048,8411,7321,404581,196547,196547,184246,72297,7366,2851
povray_r_p18,11388,10396,8857,433974,209968,209968,194956,80372,8989,3005
povray_r_p19,10814,9979,8076,422637,202505,202505,183735,66152,8142,2533
povray_r_p2,11167,9721,9842,382651,189254,189254,184507,98043,10113,3531
povray_r_p20,10120,9375,7354,419277,201093,201093,182969,62363,7444,2040
povray_r_p21,10837,9990,8303,431184,208416,208416,193123,71764,8373,2903
povray_r_p22,11721,10799,8864,436243,209702,209702,191729,73704,8941,2892
povray_r_p23,10620,9768,8529,429811,208988,208988,196305,78659,8631,2949
povray_r_p24,11617,10736,8734,432191,206957,206957,187494,72852,8818,2708
povray_r_p25,10981,9920,8617,441075,214693,214693,202132,76970,8761,2882
povray_r_p3,6658,6229,5913,310494,153670,153670,150245,79408,6000,1779
povray_r_p4,10339,9699,7701,384868,187014,187014,175373,84052,7868,2215
povray_r_p5,9578,8787,7561,417262,201664,201664,186809,63282,7691,2204
povray_r_p6,5727,5165,4598,396048,192975,192975,182315,37900,4648,1472
povray_r_p7,12412,10911,10264,399348,194186,194186,182256,92450,10509,3491
povray_r_p8,12471,11281,10599,426292,209332,209332,201104,104667,10743,4190
povray_r_p9,8715,8019,7871,415421,206557,206557,204033,86494,7907,3783
wrf_r_p1,1476,1291,903,98397,48860,48860,47998,8813,1292,712
wrf_r_p10,982,766,646,37809,18737,18737,18358,7177,962,418
wrf_r_p11,859,662,564,32253,15982,15982,15646,6611,831,349
wrf_r_p12,818,628,552,29466,14600,14600,14284,5558,787,324
wrf_r_p13,2077,1711,1792,220319,109216,109216,107149,13880,1941,756
wrf_r_p14,1245,983,1160,334606,166413,166413,164616,10643,1176,765
wrf_r_p15,1211,946,1127,334863,166535,166535,164722,10101,1144,751
wrf_r_p16,1207,958,1129,334795,166526,166526,164765,10312,1146,754
wrf_r_p17,1145,904,1072,333881,166099,166099,164398,9730,1088,730
wrf_r_p18,1346,1080,1190,302431,150475,150475,148949,10516,1232,632
wrf_r_p19,4203,3741,3667,337291,167813,167813,165920,38662,3871,1745
wrf_r_p2,997,867,614,63840,31709,31709,31141,5027,851,461
wrf_r_p20,5432,4778,4551,342544,168144,168144,161344,41475,4801,1641
wrf_r_p21,6519,5854,5416,363956,179256,179256,173179,52454,5892,2353
wrf_r_p22,5383,4827,4521,386254,190685,190685,185284,41088,4748,1876
wrf_r_p23,4171,3653,3444,355633,175232,175232,169562,30631,3727,1522
wrf_r_p24,6984,6242,5945,407743,200804,200804,194028,54508,6244,2322
wrf_r_p25,5093,4626,4324,411161,204699,204699,202556,41134,4578,2094
wrf_r_p3,844,729,524,52291,25962,25962,25496,4429,718,372
wrf_r_p4,742,642,466,44951,22317,22317,21895,3950,628,325
wrf_r_p5,684,573,431,40370,20049,20049,19688,2998,580,287
wrf_r_p6,1876,1607,1531,122786,60524,60524,58622,12357,1664,507
wrf_r_p7,1933,1666,1596,284705,141981,141981,141093,14752,1783,640
wrf_r_p8,2080,1789,1340,81741,40475,40475,39483,14317,1894,965
wrf_r_p9,1212,975,792,47446,23505,23505,22990,8525,1174,537
x264_r_p1,64,41,50,269571,134776,134776,134752,460,64,5
x264_r_p10,60,42,42,269566,134773,134773,134746,444,59,1
x264_r_p11,48,33,34,269501,134743,134743,134724,433,49,1
x264_r_p12,51,36,37,269454,134720,134720,134702,370,51,1
x264_r_p13,61,43,43,269545,134763,134763,134738,484,59,1
x264_r_p14,14,12,11,269283,134640,134640,134637,182,25,0
x264_r_p15,48,32,34,269552,134769,134769,134752,392,50,1
x264_r_p16,52,36,38,269456,134720,134720,134699,396,52,1
x264_r_p17,61,44,43,269589,134784,134784,134755,511,60,1
x264_r_p18,51,36,37,269470,134727,134727,134706,412,51,1
x264_r_p19,48,32,34,269493,134740,134740,134724,359,49,1
x264_r_p2,59,40,45,269565,134775,134775,134755,478,59,6
x264_r_p20,62,43,44,269541,134760,134760,134733,485,60,1
x264_r_p21,51,36,37,269504,134744,134744,134723,386,52,1
x264_r_p22,51,36,37,269520,134752,134752,134732,405,52,1
x264_r_p23,59,41,41,269521,134751,134751,134726,388,57,1
x264_r_p24,49,33,35,269504,134744,134744,134723,402,50,1
x264_r_p25,14,12,11,269237,134617,134617,134614,198,24,0
x264_r_p3,12,10,9,269278,134638,134638,134636,235,23,0
x264_r_p4,68,46,50,269692,134837,134837,134810,524,68,4
x264_r_p5,59,38,45,269528,134757,134757,134737,440,59,6
x264_r_p6,50,35,36,269485,134735,134735,134717,377,50,1
x264_r_p7,64,44,46,269597,134790,134790,134765,445,63,4
x264_r_p8,51,36,37,269516,134750,134750,134730,406,52,1
x264_r_p9,51,36,37,269476,134730,134730,134710,401,51,1
xalancbmk_r_p1,4176,4009,4116,164843,82406,82406,82352,46479,4180,2251
xalancbmk_r_p10,9044,8503,7206,339256,159728,159728,139339,77322,7242,3304
xalancbmk_r_p11,9191,8667,7353,340567,160355,160355,139876,77308,7387,3347
xalancbmk_r_p12,6890,6458,5498,312642,149055,149055,134028,58321,5533,2360
xalancbmk_r_p13,8712,8193,6870,336441,158273,158273,137812,72863,6908,3070
xalancbmk_r_p14,8263,7764,6560,330528,156152,156152,137421,69946,6595,2948
xalancbmk_r_p15,7717,7209,6203,322518,153269,153269,136756,65331,6237,2752
xalancbmk_r_p16,9237,8702,7405,340259,160430,160430,140457,80027,7438,3494
xalancbmk_r_p17,8046,7550,6506,326017,154918,154918,138239,68956,6537,2968
xalancbmk_r_p18,8112,7598,6441,326970,154660,154660,136451,68406,6476,2850
xalancbmk_r_p19,9453,8884,7633,340257,160728,160728,141333,81467,7666,3611
xalancbmk_r_p2,10460,9001,8612,382621,189996,189996,186639,85641,8793,3747
xalancbmk_r_p20,7949,7460,6486,323150,154030,154030,138448,71414,6522,3068
xalancbmk_r_p21,8815,8236,7099,334045,158142,158142,139788,75190,7139,3231
xalancbmk_r_p22,9445,8893,7615,343168,161808,161808,141671,82074,7653,3497
xalancbmk_r_p23,7161,6702,5805,313829,150040,150040,135819,62768,5838,2626
xalancbmk_r_p24,9208,8639,7401,338716,159910,159910,140450,81097,7435,3577
xalancbmk_r_p25,9101,8588,7325,340167,160131,160131,139616,76957,7358,3218
xalancbmk_r_p3,7930,6906,6071,350546,172495,172495,166103,56092,6289,2099
xalancbmk_r_p4,9502,8926,7626,345470,162463,162463,141273,79476,7667,3288
xalancbmk_r_p5,9111,8588,7312,338155,159723,159723,140468,80864,7344,3501
xalancbmk_r_p6,7003,6549,5654,313009,149593,149593,135340,60816,5691,2607
xalancbmk_r_p7,9073,8533,7219,340323,160170,160170,139592,76903,7254,3268
xalancbmk_r_p8,8874,8363,7033,338017,159129,159129,138772,74846,7067,3205
xalancbmk_r_p9,6587,6168,5160,312791,148741,148741,132936,52494,5203,2060
xz_r_p1,102,47,89,865,423,423,372,832,50075,13
xz_r_p10,21527,21488,21475,584916,292426,292426,292349,263465,21556,11462
xz_r_p11,21550,21503,21485,585805,292873,292873,292804,260752,21567,11366
xz_r_p12,21628,21595,21580,587022,293481,293481,293413,264601,21673,11668
xz_r_p13,21712,21665,21655,586984,293459,293459,293385,262840,21748,11462
xz_r_p14,21765,21724,21697,587968,293951,293951,293873,264852,21771,11643
xz_r_p15,21718,21678,21668,586069,293005,293005,292937,263780,21779,11619
xz_r_p16,21717,21682,21665,587177,293558,293558,293487,266971,21756,11685
xz_r_p17,14141,14078,14076,457165,228505,228505,228328,172375,14167,7022
xz_r_p18,3152,3081,3070,277766,138781,138781,138529,36485,3167,961
xz_r_p19,20900,20853,20824,576747,288337,288337,288247,253741,20884,10757
xz_r_p2,5268,4880,5077,127260,63382,63382,62714,55528,44605,1843
xz_r_p20,21024,20966,20944,575419,287675,287675,287592,257353,21006,10929
xz_r_p21,21227,21183,21161,578901,289421,289421,289352,258932,21230,11167
xz_r_p22,21380,21342,21312,580386,290162,290162,290089,260611,21367,11198
xz_r_p23,21542,21491,21472,586183,293062,293062,292995,264801,21534,11606
xz_r_p24,21372,21326,21312,583772,291856,291856,291786,263021,21341,11375
xz_r_p25,21733,21684,21668,589069,294504,294504,294434,266771,21717,11577
xz_r_p3,17268,16920,17140,483262,241528,241528,241278,198373,17339,9081
xz_r_p4,20398,20309,20285,565711,282811,282811,282697,246797,20398,10756
xz_r_p5,20658,20605,20600,566113,283008,283008,282894,255180,20690,10471
xz_r_p6,21436,21378,21355,581695,290816,290816,290741,259641,21460,11185
xz_r_p7,21342,21302,21291,579561,289751,289751,289680,263561,21371,11180
xz_r_p8,21620,21568,21547,580478,290208,290208,290135,267804,21638,11284
xz_r_p9,21602,21558,21546,591431,295684,295684,295610,258698,21639,11582
